hugo_symbol	amino_acid_position	clinically_important_variant	present_in_snv_sheet	indel_regions_listed_for_this_gene	positions_listed_for_this_gene	position_total_count	n_unique_changes	msk_fraction
JAK2	617	V617F	False	0	0	0	0	
MPL	515	W515L/K	False	0	0	0	0	
CALR	(any)	exon 9 indels	False	0	0	0	0	
NPM1	(any)	exon 12 indels	False	0	0	0	0	
ASXL1	(any)	G646Wfs*12 and other truncating	False	0	0	0	0	
SETBP1	870	D868/G870 hotspots	False	0	0	0	0	
CBL	371	Y371 RING finger	False	0	1	0	0	
SF3B1	700	K700E	True	0	11	59	3	0.339
SRSF2	95	P95H/L/R	True	1	1	6	3	0.3333
U2AF1	34	S34F/Y	True	1	3	85	2	0.5059
DNMT3A	882	R882H/C	True	0	1	39	3	0.2051
IDH2	140	R140Q	True	0	2	23	3	0.0435
IDH2	172	R172K	True	0	2	63	7	0.4921
FLT3	835	D835 TKD	True	1	1	17	4	0.0
KIT	816	D816V	True	2	11	22	4	0.2727
MYD88	265	L265P	True	0	4	37	1	0.3514
