hugo_symbol	amino_acid_position	reference_aa	variant_aa	change_count	position_total_count	n_unique_changes	msk_fraction	o7_strength	svig_uk_assessment	protected_by_O1
AKT1	17	E	K	148	149	2	0.6376	Strong		False
EGFR	858	L	R	144	144	1	0.7917	Strong	Oncogenic	True
FGFR3	249	S	C	114	114	1	0.6404	Strong		False
U2AF1	34	S	F	81	85	2	0.5059	Strong	Oncogenic	True
PIK3CA	88	R	Q	75	75	1	0.3867	Strong		False
EGFR	790	T	M	59	60	2	0.9667	Strong	Oncogenic	True
SF3B1	700	K	E	57	59	3	0.339	Strong	Oncogenic	True
GNA11	209	Q	L	57	59	3	0.322	Strong		False
TP53	237	M	I	55	64	3	0.4375	Strong		False
PIK3CA	726	E	K	53	55	2	0.4909	Strong		False
