hugo_symbol	amino_acid_position	codon	qvalue	mutations_msk	samples_msk	prevalence_msk_per_10k	mutations_non_msk_genie	samples_non_msk_genie	prevalence_non_msk_genie_per_10k	mutations_tcga	samples_tcga	prevalence_tcga_per_10k	share_of_cohort_mutations_in_genie	share_of_cohort_mutations_in_msk	pval_MSK_vs_GENIE	adj_pval_MSK_vs_GENIE	pval_MSK_vs_TCGA	adj_pval_MSK_vs_TCGA	hotspot_mutations	n_changes	best_o7
TP53	199	G199	2.02e-50	58	56801	10.211	59	101128	5.834	7	9656	7.249	0.9435	0.4677	0.00271084307093715	0.444578263633693	0.482556919995938	1.0	53	3	4
TP53	224	E224	6.36e-38	39	56801	6.866	72	101128	7.12	5	9656	5.178	0.9569	0.3362	0.921308898788646	1.0	0.672417604726778	1.0	42	2	2
TP53	283	R283	1.12e-30	49	56801	8.627	130	101128	12.855	10	9656	10.356	0.9471	0.2593	0.0157490108956282	1.0	0.578810831795959	1.0	38	5	2
TP53	180	E180	2.16e-23	37	56801	6.514	34	101128	3.362	2	9656	2.071	0.9726	0.5068	0.00615582334356535	1.0	0.111757091225218	1.0	38	3	2
TP53	138	A138	3.24e-35	54	56801	9.507	103	101128	10.185	6	9656	6.214	0.9632	0.3313	0.73947977501989	1.0	0.461178524519921	1.0	37	3	2
TP53	156	R156	1.07e-32	45	56801	7.922	95	101128	9.394	9	9656	9.321	0.9396	0.302	0.378775575415267	1.0	0.69775050252661	1.0	37	6	2
RRAS2	23	G23	8.06e-47	73	44466	16.417	14	11708	11.958	1	9656	1.036	0.9886	0.8295	0.354297158141453	1.0	1.22767634280699e-05	0.00201338920220346	35	5	2
TP53	276	A276	1.33e-31	30	56801	5.282	69	101128	6.823	7	9656	7.249	0.934	0.283	0.251262513370406	1.0	0.480279484009282	1.0	33	6	2
TP53	145	L145	1.54e-34	34	56801	5.986	45	101128	4.45	6	9656	6.214	0.9294	0.4	0.198129716268918	1.0	0.824871647510751	1.0	30	3	2
TP53	279	G279	1.14e-24	39	56801	6.866	74	101128	7.317	8	9656	8.285	0.9339	0.3223	0.769796134906162	1.0	0.67700119849003	1.0	28	3	2
PIK3CA	418	E418	1.14e-20	38	56801	6.69	42	102121	4.113	5	9656	5.178	0.9412	0.4471	0.0350618879718033	1.0	0.827818515599751	1.0	25	2	2
TP53	253	T253	8.41e-28	33	56801	5.81	32	101128	3.164	5	9656	5.178	0.9286	0.4714	0.019168422200208	1.0	1.0	1.0	25	5	1
TP53	177	P177	3.33e-18	24	56801	4.225	104	101128	10.284	9	9656	9.321	0.9343	0.1752	2.78766910381995e-05	0.00457177733026473	0.047008498738164	1.0	25	5	1
CDKN2A	81	P81	1.84e-11	32	56801	5.634	84	99885	8.41	3	9656	3.107	0.9748	0.2689	0.0535535599032402	1.0	0.470065111617482	1.0	24	5	2
PTEN	36	G36	5.9e-17	20	56801	3.521	16	101027	1.584	6	9656	6.214	0.8571	0.4762	0.0224265408848687	1.0	0.257596071129239	1.0	23	4	2
TP53	240	S240	6.82e-25	22	56801	3.873	27	101128	2.67	3	9656	3.107	0.9423	0.4231	0.233081584369016	1.0	1.0	1.0	23	3	2
PPP2R1A	257	W257	7.99e-29	28	56801	4.929	37	67063	5.517	5	9656	5.178	0.9286	0.4	0.709551497913814	1.0	0.807757101992387	1.0	22	4	2
TCF7L2	448	R448	1.74e-15	25	54140	4.618	33	62974	5.24	3	9656	3.107	0.9508	0.4098	0.693591443212672	1.0	0.790698962278137	1.0	22	3	2
CDKN2A	112	R112	2.01e-10	13	56801	2.289	20	99885	2.002	2	9656	2.071	0.9429	0.3714	0.719518708492519	1.0	1.0	1.0	22	5	2
FGFR2	659	K659	1.11e-14	26	56801	4.577	35	99994	3.5	0	9656	0.0	1.0	0.4262	0.350924288099984	1.0	0.0254734194089222	1.0	21	4	2
TP53	139	K139	2.04e-12	20	56801	3.521	28	101128	2.769	4	9656	4.143	0.9231	0.3846	0.452550674229389	1.0	0.770259360117672	1.0	21	5	2
TP53	162	I162	1.71e-24	15	56801	2.641	37	101128	3.659	3	9656	3.107	0.9455	0.2727	0.314535162890656	1.0	0.7379667629774	1.0	21	3	1
KEAP1	362	R362	4.2e-12	30	56801	5.282	29	72423	4.004	1	9656	1.036	0.9833	0.5	0.296451766799889	1.0	0.0765474261730665	1.0	20	3	2
TP53	334	G334	2.59e-14	24	56801	4.225	84	101128	8.306	8	9656	8.285	0.931	0.2069	0.00251422803117528	0.412333397112745	0.124957680265014	1.0	20	3	2
RRAS2	24	G24	2.97e-19	37	44466	8.321	8	11708	6.833	0	9656	0.0	1.0	0.8222	0.715873950745435	1.0	0.000989010727044673	0.162197759235326	19	4	2
TP53	211	T211	7.18e-20	24	56801	4.225	61	101128	6.032	6	9656	6.214	0.9341	0.2637	0.143312152954283	1.0	0.43195508698103	1.0	19	4	2
KRAS	14	V14	8.4e-10	21	56801	3.697	59	102084	5.78	2	9656	2.071	0.9756	0.2561	0.0805981907737525	1.0	0.564976395520174	1.0	18	2	2
RUNX1	204	R204	1.05e-06	22	56801	3.873	9	73320	1.227	4	9656	4.143	0.8857	0.6286	0.00310052327951782	0.508485817840923	0.784385026410545	1.0	18	3	2
PTEN	15	R15	1.29e-06	15	56801	2.641	53	101027	5.246	6	9656	6.214	0.9189	0.2027	0.0161773860248603	1.0	0.109857619213482	1.0	18	6	1
SMAD4	406	A406	5.36e-05	16	56801	2.817	36	99787	3.608	4	9656	4.143	0.9286	0.2857	0.472067274874011	1.0	0.519841385277109	1.0	18	3	2
MED12	23	D23	1.2e-10	29	56801	5.106	24	66496	3.609	5	9656	5.178	0.9138	0.5	0.217188925326314	1.0	1.0	1.0	18	2	2
PTPRT	721	R721	6.1e-05	26	56801	4.577	15	31125	4.819	2	9656	2.071	0.9535	0.6047	0.871333002433701	1.0	0.418732963224518	1.0	17	3	1
NOTCH1	465	A465	9.25e-07	18	56801	3.169	26	99503	2.613	5	9656	5.178	0.898	0.3673	0.5336358537216	1.0	0.367303487193096	1.0	17	1	2
SPOP	50	E50	1.33e-13	20	56801	3.521	25	65473	3.818	4	9656	4.143	0.9184	0.4082	0.881484213267682	1.0	0.770259360117672	1.0	17	2	2
KEAP1	271	V271	8.92e-12	11	56801	1.937	18	72423	2.485	9	9656	9.321	0.7632	0.2895	0.57784643068549	1.0	0.00104819598460936	0.171904141475935	17	2	2
SMAD4	496	R496	2.93e-06	21	56801	3.697	45	99787	4.51	3	9656	3.107	0.9565	0.3043	0.522628154646086	1.0	1.0	1.0	17	2	2
DICER1	1705	E1705	1.28e-07	15	56801	2.641	38	69339	5.48	6	9656	6.214	0.8983	0.2542	0.0180788515465294	1.0	0.109857619213482	1.0	17	4	2
TP53	174	R174	6.37e-15	20	56801	3.521	29	101128	2.868	3	9656	3.107	0.9423	0.3846	0.551754729719507	1.0	1.0	1.0	16	4	2
DNMT3A	736	R736	2.9e-06	8	56801	1.408	68	75308	9.03	2	9656	2.071	0.9744	0.1026	8.14740907610155e-10	1.33617508848065e-07	0.646295738740289	1.0	16	3	1
SPOP	130	D130	8.97e-10	12	56801	2.113	13	65473	1.986	3	9656	3.107	0.8929	0.4286	1.0	1.0	0.469995512440664	1.0	16	4	1
TP53	290	R290	4.91e-09	15	56801	2.641	51	101128	5.043	1	9656	1.036	0.9851	0.2239	0.0284762978906354	1.0	0.49557160261857	1.0	16	3	2
MAP2K1	67	D67	2.68e-08	17	56801	2.993	37	81776	4.525	3	9656	3.107	0.9474	0.2982	0.168329377615712	1.0	1.0	1.0	16	2	2
KEAP1	413	R413	2.13e-09	18	56801	3.169	25	72423	3.452	3	9656	3.107	0.9348	0.3913	0.878252001501246	1.0	1.0	1.0	16	4	1
TP53	106	S106	1.22e-12	20	56801	3.521	23	101128	2.274	5	9656	5.178	0.8958	0.4167	0.155135636975561	1.0	0.397033382026891	1.0	16	2	2
RB1	661	R661	4e-07	21	56801	3.697	28	98226	2.851	0	9656	0.0	1.0	0.4286	0.376181203721691	1.0	0.0614594320441816	1.0	16	1	2
STK11	237	D237	6.42e-09	23	56801	4.049	48	99849	4.807	0	9656	0.0	1.0	0.3239	0.538928199392486	1.0	0.0396364221266337	1.0	15	3	2
BRAF	464	G464	7.52e-10	24	56801	4.225	58	102101	5.681	3	9656	3.107	0.9647	0.2824	0.24969687098309	1.0	0.788588208527183	1.0	15	4	1
KEAP1	422	D422	6.74e-07	19	56801	3.345	19	72423	2.623	2	9656	2.071	0.95	0.475	0.514263336362526	1.0	0.758247664157386	1.0	15	3	2
PTPN11	502	S502	7.52e-13	17	56801	2.993	33	96841	3.408	1	9656	1.036	0.9804	0.3333	0.769949859368106	1.0	0.500440902228689	1.0	15	3	1
PTEN	107	D107	0.002620092869	16	56801	2.817	28	101027	2.772	6	9656	6.214	0.88	0.32	1.0	1.0	0.119991291001336	1.0	15	6	1
SPOP	47	E47	3.67e-10	15	56801	2.641	15	65473	2.291	6	9656	6.214	0.8333	0.4167	0.717831838961753	1.0	0.109857619213482	1.0	15	4	2
PTPRT	1220	R1220	0.005970326489	17	56801	2.993	8	31125	2.57	1	9656	1.036	0.9615	0.6538	0.835913794719019	1.0	0.500440902228689	1.0	14	3	2
PIK3CB	470	E470	4.55e-05	19	56801	3.345	6	28936	2.074	5	9656	5.178	0.8333	0.6333	0.398758529201265	1.0	0.380965972663099	1.0	14	1	2
PTEN	128	K128	4.62e-07	12	56801	2.113	20	101027	1.98	5	9656	5.178	0.8649	0.3243	0.85548052331254	1.0	0.088460810390145	1.0	14	4	1
TCF7L2	420	R420	7.72e-05	27	54140	4.987	26	62974	4.129	4	9656	4.143	0.9298	0.4737	0.49481051845491	1.0	1.0	1.0	14	2	2
KEAP1	332	G332	2.02e-07	16	56801	2.817	17	72423	2.347	2	9656	2.071	0.9429	0.4571	0.603872596616145	1.0	1.0	1.0	14	5	1
CDK12	882	R882	1.33e-05	13	56801	2.289	9	66483	1.354	3	9656	3.107	0.88	0.52	0.285213446013611	1.0	0.718691088953609	1.0	14	4	1
MYC	59	A59	8.36e-09	16	56801	2.817	38	78851	4.819	3	9656	3.107	0.9474	0.2807	0.0734874489130956	1.0	0.74968084686277	1.0	14	2	2
KEAP1	186	G186	1.04e-06	17	56801	2.993	20	72423	2.762	3	9656	3.107	0.925	0.425	0.869009551140339	1.0	1.0	1.0	14	4	1
SMARCA4	920	E920	9.72e-06	13	56801	2.289	13	75727	1.717	4	9656	4.143	0.8667	0.4333	0.553152131815911	1.0	0.295535096397093	1.0	14	1	2
PTEN	123	H123	2.92e-06	14	56801	2.465	36	101027	3.563	5	9656	5.178	0.9091	0.2545	0.302184494993463	1.0	0.181095484909179	1.0	14	5	1
KEAP1	278	P278	8.9e-07	16	56801	2.817	20	72423	2.762	5	9656	5.178	0.878	0.3902	1.0	1.0	0.216671224484551	1.0	14	4	1
TGFBR2	549	D549	0.0005254814389	17	56801	2.993	16	40794	3.922	2	9656	2.071	0.9429	0.4857	0.482018559834338	1.0	1.0	1.0	13	3	1
TCF7L2	452	G452	6.36e-05	15	54140	2.771	16	62974	2.541	2	9656	2.071	0.9394	0.4545	0.858183940521743	1.0	1.0	1.0	13	1	2
MED12	521	R521	2.93e-05	8	56801	1.408	10	66496	1.504	6	9656	6.214	0.75	0.3333	1.0	1.0	0.00985769798952161	1.0	13	2	1
KEAP1	236	D236	5.63e-06	13	56801	2.289	21	72423	2.9	3	9656	3.107	0.9189	0.3514	0.60509839624805	1.0	0.718691088953609	1.0	13	5	1
ATM	2039	E2039	6.5e-05	17	56801	2.993	22	95140	2.312	2	9656	2.071	0.9512	0.4146	0.413850521535634	1.0	1.0	1.0	13	3	2
PIK3CA	75	Q75	4.14e-06	11	56801	1.937	26	102121	2.546	4	9656	4.143	0.9024	0.2683	0.496771276292802	1.0	0.257901017814943	1.0	13	4	2
U2AF1	156	R156	1.35e-07	12	56801	2.113	16	75138	2.129	2	9656	2.071	0.9333	0.4	1.0	1.0	1.0	1.0	13	2	2
PPP2R1A	219	S219	2.37e-05	14	56801	2.465	12	67063	1.789	2	9656	2.071	0.9286	0.5	0.437035580173659	1.0	1.0	1.0	13	2	2
EGFR	776	R776	4.91e-08	17	56801	2.993	32	102089	3.135	0	9656	0.0	1.0	0.3469	1.0	1.0	0.157785162960764	1.0	13	4	1
EGFR	797	C797	5.55e-18	36	56801	6.338	53	102089	5.192	0	9656	0.0	1.0	0.4045	0.37662573924724	1.0	0.0071487617080367	1.0	13	1	2
TP53	147	V147	7.51e-11	20	56801	3.521	19	101128	1.879	1	9656	1.036	0.975	0.5	0.0647562232016872	1.0	0.348780876005718	1.0	12	3	1
CDH1	732	R732	0.001269712733	9	56801	1.584	14	96077	1.457	5	9656	5.178	0.8214	0.3214	0.832232113032341	1.0	0.0413888216557755	1.0	12	2	1
PIK3CA	725	D725	1.2e-10	11	56801	1.937	15	102121	1.469	4	9656	4.143	0.8667	0.3667	0.540591349762203	1.0	0.257901017814943	1.0	12	3	1
KEAP1	234	R234	1.37e-05	12	56801	2.113	14	72423	1.933	4	9656	4.143	0.8667	0.4	0.84542239833893	1.0	0.274916310096624	1.0	12	3	1
STK11	304	R304	6.89e-07	14	56801	2.465	23	99849	2.303	1	9656	1.036	0.9737	0.3684	0.865025191274425	1.0	0.712018498452148	1.0	12	2	2
DICER1	1809	G1809	1.21e-06	12	56801	2.113	12	69339	1.731	1	9656	1.036	0.96	0.48	0.68411255401926	1.0	0.70717415265461	1.0	12	3	1
PTEN	326	D326	4.35e-06	12	56801	2.113	22	101027	2.178	2	9656	2.071	0.9444	0.3333	1.0	1.0	1.0	1.0	12	4	1
SOS1	269	M269	2.39e-09	11	44466	2.474	14	34777	4.026	4	9656	4.143	0.8621	0.3793	0.233039956578869	1.0	0.324834581244655	1.0	12	5	1
PTEN	135	I135	4.31e-10	13	56801	2.289	28	101027	2.772	2	9656	2.071	0.9535	0.3023	0.628301740554874	1.0	1.0	1.0	11	3	1
PTEN	276	N276	1.07e-07	12	56801	2.113	27	101027	2.673	3	9656	3.107	0.9286	0.2857	0.617230311675339	1.0	0.469995512440664	1.0	11	5	1
SMAD4	383	I383	6.99e-11	9	56801	1.584	8	99787	0.802	2	9656	2.071	0.8947	0.4737	0.205637181838512	1.0	0.667449026714703	1.0	11	4	1
AKT1	80	W80	2.56e-12	18	56801	3.169	25	102029	2.45	2	9656	2.071	0.9556	0.4	0.427923536458762	1.0	0.75756934262372	1.0	11	1	2
PTEN	95	P95	0.0001838258703	14	56801	2.465	28	101027	2.772	2	9656	2.071	0.9545	0.3182	0.872451851410939	1.0	1.0	1.0	11	2	1
VHL	167	R167	0.0003850017619	14	56801	2.465	18	94153	1.912	2	9656	2.071	0.9412	0.4118	0.471314231402515	1.0	1.0	1.0	11	3	1
PTEN	48	N48	1.03e-07	12	56801	2.113	29	101027	2.871	4	9656	4.143	0.9111	0.2667	0.418986018270792	1.0	0.274916310096624	1.0	11	4	1
BAP1	170	F170	4.42e-09	10	56801	1.761	10	78672	1.271	3	9656	3.107	0.8696	0.4348	0.501795885552153	1.0	0.42005797820732	1.0	11	4	1
BRAF	595	F595	2.21e-12	8	56801	1.408	9	102101	0.881	0	9656	0.0	1.0	0.4706	0.324512624472803	1.0	0.612666018782393	1.0	11	2	2
TP53	330	L330	6.6e-09	16	56801	2.817	22	101128	2.175	2	9656	2.071	0.95	0.4	0.499203638748146	1.0	1.0	1.0	11	4	1
SMAD4	365	G365	5.45e-07	15	56801	2.641	39	99787	3.908	2	9656	2.071	0.9643	0.2679	0.206102382862069	1.0	1.0	1.0	11	4	1
KEAP1	509	G509	7.66e-05	10	56801	1.761	14	72423	1.933	3	9656	3.107	0.8889	0.3704	1.0	1.0	0.42005797820732	1.0	11	5	1
ERCC2	44	S44	3.74e-08	15	56801	2.641	11	69860	1.575	3	9656	3.107	0.8966	0.5172	0.236767061836056	1.0	0.7379667629774	1.0	11	1	2
ATM	2526	R2526	0.0007338353863	7	56801	1.232	3	95140	0.315	1	9656	1.036	0.9091	0.6364	0.0469974763796218	1.0	1.0	1.0	10	3	1
ERBB3	262	P262	9.52e-06	15	56801	2.641	7	81976	0.854	1	9656	1.036	0.9565	0.6522	0.0150026991753216	1.0	0.49557160261857	1.0	10	5	1
SMARCA4	780	E780	0.001530245442	8	56801	1.408	7	75727	0.924	1	9656	1.036	0.9375	0.5	0.443087853129526	1.0	1.0	1.0	10	2	1
RAF1	261	P261	2.7e-05	12	56801	2.113	17	79300	2.144	1	9656	1.036	0.9667	0.4	1.0	1.0	0.70717415265461	1.0	10	4	1
KEAP1	311	H311	1.71e-06	9	56801	1.584	13	72423	1.795	2	9656	2.071	0.9167	0.375	0.832801998674526	1.0	0.667449026714703	1.0	10	5	1
KEAP1	488	E488	0.0006027442603	10	56801	1.761	10	72423	1.381	1	9656	1.036	0.9524	0.4762	0.655135675509776	1.0	1.0	1.0	10	4	1
PTEN	252	D252	0.002991692083	8	56801	1.408	31	101027	3.068	3	9656	3.107	0.9286	0.1905	0.0457335376802795	1.0	0.206986708774392	1.0	10	4	1
PTEN	204	P204	5.24e-05	7	56801	1.232	24	101027	2.376	2	9656	2.071	0.9394	0.2121	0.136627780262773	1.0	0.627557986372511	1.0	10	3	1
PTEN	159	R159	0.001157730325	10	56801	1.761	24	101027	2.376	4	9656	4.143	0.8947	0.2632	0.479035222037043	1.0	0.13416403812245	1.0	10	3	1
MET	1228	D1228	0.004766984429	8	56801	1.408	18	99361	1.812	0	9656	0.0	1.0	0.3077	0.684785191405774	1.0	0.612666018782393	1.0	10	4	1
PIK3CA	449	P449	4.84e-07	14	56801	2.465	42	102121	4.113	2	9656	2.071	0.9655	0.2414	0.0962950961168382	1.0	1.0	1.0	10	4	1
PTEN	125	K125	6.19e-07	13	56801	2.289	8	101027	0.792	2	9656	2.071	0.913	0.5652	0.0206563828090667	1.0	1.0	1.0	10	4	1
PTEN	96	P96	5.42e-05	16	56801	2.817	33	101027	3.266	2	9656	2.071	0.9608	0.3137	0.658955136202785	1.0	1.0	1.0	10	6	1
SMAD4	533	L533	0.0003005177185	11	56801	1.937	16	99787	1.603	1	9656	1.036	0.9643	0.3929	0.690037345172148	1.0	1.0	1.0	9	5	1
STK11	297	R297	0.0002377808109	11	56801	1.937	18	99849	1.803	0	9656	0.0	1.0	0.3793	0.848703862589717	1.0	0.384811947240424	1.0	9	4	1
SMAD4	508	G508	0.003437875928	13	56801	2.289	16	99787	1.603	0	9656	0.0	1.0	0.4483	0.340208226826557	1.0	0.237569131760421	1.0	9	3	1
SMAD4	428	K428	0.005405921814	8	56801	1.408	12	99787	1.203	3	9656	3.107	0.8696	0.3478	0.816884722395123	1.0	0.206986708774392	1.0	9	3	1
SMARCA4	1102	F1102	0.001655944484	11	56801	1.937	5	75727	0.66	0	9656	0.0	1.0	0.6875	0.0437193873672566	1.0	0.384811947240424	1.0	9	2	1
AKT1	40	E40	5.15e-05	8	56801	1.408	17	102029	1.666	3	9656	3.107	0.8929	0.2857	0.835651466652982	1.0	0.206986708774392	1.0	9	2	1
KEAP1	603	G603	0.0001890847631	12	56801	2.113	12	72423	1.657	1	9656	1.036	0.96	0.48	0.546334905140058	1.0	0.70717415265461	1.0	9	3	1
MTOR	2419	E2419	0.002235291481	14	56801	2.465	18	80150	2.246	1	9656	1.036	0.9697	0.4242	0.85823961397829	1.0	0.712018498452148	1.0	9	4	1
PIK3CA	112	I112	8.34e-10	16	56801	2.817	11	102121	1.077	0	9656	0.0	1.0	0.5926	0.0148422160290794	1.0	0.151678796776367	1.0	9	2	1
PIK3CA	914	G914	3.03e-06	13	56801	2.289	18	102121	1.763	2	9656	2.071	0.9394	0.3939	0.460248707523906	1.0	1.0	1.0	9	2	1
KEAP1	274	H274	2.02e-08	8	56801	1.408	11	72423	1.519	2	9656	2.071	0.9048	0.381	1.0	1.0	0.646295738740289	1.0	9	4	1
KEAP1	71	R71	0.002210220306	10	56801	1.761	13	72423	1.795	1	9656	1.036	0.9583	0.4167	1.0	1.0	1.0	1.0	9	3	1
KDR	771	T771	0.0003630257287	12	56801	2.113	9	95148	0.946	0	9656	0.0	1.0	0.5714	0.0719200865344787	1.0	0.235802176799195	1.0	9	3	1
SMAD3	423	S423	7.82e-06	13	56801	2.289	9	31992	2.813	1	9656	1.036	0.9565	0.5652	0.660205156680734	1.0	0.707997959386272	1.0	9	5	1
RB1	444	Q444	0.001231293951	5	56801	0.88	6	98226	0.611	1	9656	1.036	0.9167	0.4167	0.545377072819319	1.0	1.0	1.0	9	4	1
CDH1	257	D257	7.84e-06	10	56801	1.761	8	96077	0.833	2	9656	2.071	0.9	0.5	0.141576320274543	1.0	0.689920438823733	1.0	9	5	1
SETD2	1592	R1592	0.002173103323	7	56801	1.232	8	78071	1.025	2	9656	2.071	0.8824	0.4118	0.796228311749309	1.0	0.627557986372511	1.0	9	4	1
ATM	2019	Y2019	2.37e-07	10	56801	1.761	11	95140	1.156	0	9656	0.0	1.0	0.4762	0.370001036489493	1.0	0.375744338679885	1.0	9	2	1
ERBB3	337	G337	1.32e-06	7	56801	1.232	25	81976	3.05	1	9656	1.036	0.9697	0.2121	0.030597691122438	1.0	1.0	1.0	8	1	1
FBXW7	503	A503	0.000112275426	14	56801	2.465	17	100081	1.699	0	9656	0.0	1.0	0.4516	0.350347234579229	1.0	0.245194661193198	1.0	8	2	1
KEAP1	161	M161	0.001293198031	8	56801	1.408	6	72423	0.828	0	9656	0.0	1.0	0.5714	0.421005020930236	1.0	0.612666018782393	1.0	8	2	1
TP53	341	F341	3.72e-05	15	56801	2.641	24	101128	2.373	2	9656	2.071	0.9512	0.3659	0.741000962102132	1.0	1.0	1.0	8	5	1
KEAP1	364	G364	0.0002942190704	9	56801	1.584	15	72423	2.071	0	9656	0.0	1.0	0.375	0.681723125623794	1.0	0.374330245461225	1.0	8	2	1
TP53	347	A347	0.004064390366	10	56801	1.761	20	101128	1.978	1	9656	1.036	0.9677	0.3226	0.850697438033603	1.0	1.0	1.0	8	4	1
ESR1	463	S463	0.0005941069762	17	56801	2.993	10	80222	1.247	2	9656	2.071	0.931	0.5862	0.0303428550563073	1.0	1.0	1.0	8	2	1
VHL	188	L188	1.36e-06	7	56801	1.232	5	94153	0.531	3	9656	3.107	0.8	0.4667	0.14820046870221	1.0	0.167688969085331	1.0	8	3	1
SMAD2	450	D450	5.68e-05	11	56801	1.937	7	75917	0.922	2	9656	2.071	0.9	0.55	0.152297765970118	1.0	1.0	1.0	8	4	1
SPOP	104	F104	1.61e-06	9	56801	1.584	6	65473	0.916	3	9656	3.107	0.8333	0.5	0.312949109205513	1.0	0.400033925762684	1.0	8	4	1
PTEN	108	L108	0.008148013647	10	56801	1.761	11	101027	1.089	2	9656	2.071	0.913	0.4348	0.265394471899464	1.0	0.689920438823733	1.0	8	4	1
NOTCH1	394	G394	0.00511492205	9	56801	1.584	6	99503	0.603	1	9656	1.036	0.9375	0.5625	0.0643312998140527	1.0	1.0	1.0	7	4	1
FBXW7	600	D600	0.00677806208	6	56801	1.056	10	100081	0.999	3	9656	3.107	0.8421	0.3158	1.0	1.0	0.130906483964453	1.0	7	3	1
SMAD2	465	S465	6.26e-05	13	56801	2.289	11	75917	1.449	0	9656	0.0	1.0	0.5417	0.304169476863804	1.0	0.237569131760421	1.0	7	2	1
BAP1	91	C91	0.0004743660308	7	56801	1.232	18	78672	2.288	1	9656	1.036	0.9615	0.2692	0.223218157277821	1.0	1.0	1.0	7	3	1
TP53	344	L344	0.0005713392898	9	56801	1.584	17	101128	1.681	0	9656	0.0	1.0	0.3462	1.0	1.0	0.374330245461225	1.0	7	4	1
CBFB	67	Q67	0.001083148802	5	56801	0.88	2	63941	0.313	1	9656	1.036	0.875	0.625	0.265266898456873	1.0	1.0	1.0	7	3	1
EGFR	834	V834	8.31e-07	14	56801	2.465	12	102089	1.175	0	9656	0.0	1.0	0.5385	0.0651775680200088	1.0	0.245194661193198	1.0	7	1	1
PTEN	138	Y138	2.8e-05	8	56801	1.408	14	101027	1.386	2	9656	2.071	0.9167	0.3333	1.0	1.0	0.646295738740289	1.0	7	2	1
NRAS	146	A146	0.009192529898	7	56801	1.232	6	101862	0.589	1	9656	1.036	0.9286	0.5	0.245495022822926	1.0	1.0	1.0	7	3	1
PTEN	119	V119	0.006678287313	6	56801	1.056	11	101027	1.089	1	9656	1.036	0.9444	0.3333	1.0	1.0	1.0	1.0	7	4	1
TCF7L2	469	C469	0.006315011652	7	54140	1.293	10	62974	1.588	1	9656	1.036	0.9444	0.3889	0.809425803877908	1.0	1.0	1.0	7	2	1
PTEN	23	L23	0.0001206090678	8	56801	1.408	12	101027	1.188	0	9656	0.0	1.0	0.4	0.816372185867499	1.0	0.612666018782393	1.0	7	3	1
PIK3R2	561	N561	3.22e-06	9	56801	1.584	5	37892	1.32	1	9656	1.036	0.9333	0.6	0.793333802077524	1.0	1.0	1.0	7	3	1
SPOP	80	S80	4.27e-05	8	56801	1.408	5	65473	0.764	2	9656	2.071	0.8667	0.5333	0.40536148878327	1.0	0.646295738740289	1.0	7	1	1
FOXA1	249	D249	8.95e-05	7	56801	1.232	2	54203	0.369	1	9656	1.036	0.9	0.7	0.180747936271487	1.0	1.0	1.0	7	5	1
PDGFRB	666	N666	0.005725039817	14	56801	2.465	16	76672	2.087	0	9656	0.0	1.0	0.4667	0.713219771858472	1.0	0.245194661193198	1.0	7	2	1
MTOR	1450	Y1450	1.94e-05	6	56801	1.056	4	80150	0.499	0	9656	0.0	1.0	0.6	0.336602872112644	1.0	0.602351175523081	1.0	7	1	1
MTOR	1973	I1973	0.000156207542	8	56801	1.408	7	80150	0.873	2	9656	2.071	0.8824	0.4706	0.434052341309996	1.0	0.646295738740289	1.0	7	3	1
SMAD4	115	C115	0.001900111915	9	56801	1.584	21	99787	2.104	1	9656	1.036	0.9677	0.2903	0.570940336224877	1.0	1.0	1.0	6	3	1
ERCC2	74	S74	0.00589191776	12	56801	2.113	0	69860	0.0	1	9656	1.036	0.9231	0.9231	6.61117227492864e-05	0.010842322530883	0.70717415265461	1.0	6	2	1
ERBB3	389	T389	0.0004546577385	14	56801	2.465	16	81976	1.952	0	9656	0.0	1.0	0.4667	0.579127847466977	1.0	0.245194661193198	1.0	6	3	1
ERBB3	325	G325	0.001849565294	15	56801	2.641	15	81976	1.83	0	9656	0.0	1.0	0.5	0.354733945814491	1.0	0.149767713829651	1.0	6	1	1
PIK3CA	1066	A1066	0.001725012659	14	56801	2.465	22	102121	2.154	1	9656	1.036	0.973	0.3784	0.729124474666436	1.0	0.712018498452148	1.0	6	2	1
TCF7L2	459	W459	3.71e-05	7	54140	1.293	1	62974	0.159	1	9656	1.036	0.8889	0.7778	0.0284792235096842	1.0	1.0	1.0	6	4	1
CDH1	156	W156	0.006183632721	8	56801	1.408	8	96077	0.833	0	9656	0.0	1.0	0.5	0.308090519784497	1.0	0.612666018782393	1.0	6	3	1
SMAD2	312	C312	0.003352103632	8	56801	1.408	4	75917	0.527	0	9656	0.0	1.0	0.6667	0.142157582256051	1.0	0.612666018782393	1.0	6	4	1
EGFR	755	A755	0.002229996973	7	56801	1.232	5	102089	0.49	0	9656	0.0	1.0	0.5833	0.131784458391907	1.0	0.603475964566799	1.0	5	2	1
RET	634	C634	0.002152206529	8	56801	1.408	36	100022	3.599	1	9656	1.036	0.9778	0.1778	0.0117975246630051	1.0	1.0	1.0	3	2	1
FGFR2	290	W290	0.003546166143	7	56801	1.232	7	99994	0.7	1	9656	1.036	0.9333	0.4667	0.281669604861537	1.0	1.0	1.0	3	3	0
